Argentina,WineriesBrowseGeo.aspx?cid=2
Australia,WineriesBrowseGeo.aspx?cid=3
Austria,WineriesBrowseGeo.aspx?cid=4
Brazil,WineriesBrowseGeo.aspx?cid=45
Bulgaria,WineriesBrowseGeo.aspx?cid=6
Canada,WineriesBrowseGeo.aspx?cid=7
Chile,WineriesBrowseGeo.aspx?cid=8
China,WineriesBrowseGeo.aspx?cid=9
Croatia,WineriesBrowseGeo.aspx?cid=10
Cyprus,WineriesBrowseGeo.aspx?cid=11
France,WineriesBrowseGeo.aspx?cid=14
Germany,WineriesBrowseGeo.aspx?cid=15
Greece,WineriesBrowseGeo.aspx?cid=16
Hungary,WineriesBrowseGeo.aspx?cid=17
Israel,WineriesBrowseGeo.aspx?cid=20
Italy,WineriesBrowseGeo.aspx?cid=21
Japan,WineriesBrowseGeo.aspx?cid=22
Lebanon,WineriesBrowseGeo.aspx?cid=23
Mexico,WineriesBrowseGeo.aspx?cid=24
Moldova,WineriesBrowseGeo.aspx?cid=47
Morocco,WineriesBrowseGeo.aspx?cid=44
New Zealand,WineriesBrowseGeo.aspx?cid=25
Portugal,WineriesBrowseGeo.aspx?cid=27
Republic of Georgia,WineriesBrowseGeo.aspx?cid=43
Romania,WineriesBrowseGeo.aspx?cid=28
Slovakia,WineriesBrowseGeo.aspx?cid=46
Slovenia,WineriesBrowseGeo.aspx?cid=29
South Africa,WineriesBrowseGeo.aspx?cid=30
Spain,WineriesBrowseGeo.aspx?cid=31
Switzerland,WineriesBrowseGeo.aspx?cid=32
Ukraine,WineriesBrowseGeo.aspx?cid=40
United Kingdom,WineriesBrowseGeo.aspx?cid=35
Uruguay,WineriesBrowseGeo.aspx?cid=39
USA,WineriesBrowseGeo.aspx?cid=37
